Name of publication,Delivery,Address,State,Audience: City/region,Audience,Black-owned?,Contact,Contact type,URL
African American Voice,"""Newspaper, monthly""","3829 Surrey Ln, Colorado Springs, CO 80918",Colorado,Colorado Springs and Denver,African-American,Y,"James Tucker, james.tucker@africanamericanvoice.net",Publisher,https://africanamericanvoice.net/
African Voices Magazine,"Online,Magazine","325 Lafayette Ave, Brooklyn, NY 11238",New York,New York,African,Nonprofit,"Carolyn Butts, africanvoicesart@gmail.com",Founder,africanvoices.com
African-American News and Issues,"""Newspaper, weekly""","6130 Wheatley St, Houston, TX 77091",Texas,Houston,African-American,Y,,,https://aframnews.com/
Afro American Newspapers ,"""Newspaper, weekly""","145 W. Ostend Street Ste 600, Office #536, Baltimore, MD 21230",Maryland,Baltimore,African-American,Y,"Dorothy Boulware, editor@afro.com",Editor,https://afro.com/
Afro-American Criterion,"""Newspaper, weekly""","623-625 William Street, Buffalo, New York 14206",New York,Buffalo,African-American,Y,"Frances Merriweather, criterion@apollo3.com",Publisher,
All Black Business News,"""Online, daily""","463 N Arlington Ave, East Orange, NJ, 07017-3934",New Jersey,New York/New Jersey,African-American,Y,"Abba Onyeani, abbnewsceo@gmail.com",Founder,allblackbusinessnews.com
American Baptist News,"""Newspaper, weekly""","1715 W Chestnut St, Louisville, KY 40203",Kentucky,Louisville,African-American,Y but owned by Baptist church,502.587.8714,General inbox,
American Urban Radio Networks,"Radio,Podcast","938 Penn Avenue Suite 701 Pittsburgh, PA 15222",Nationwide,Nationwide,Black,Y,"Lenore Williams, 412-456-4098","Sr. VP, Program Operations & Affiliations",https://aurn.com
Anointed News Journal,"""Newspaper, weekly""","PO Box 309 Camden, NJ 08101",New Jersey,Camden,General,Y,"Chris Collins, anjeditor@verizon.net",CEO/Editor in Chief,http://www.anointedonline.net
Arizona Informant,"""Newspaper, weekly""","1301 E Washington St Suite 101, Phoenix, AZ 85034",Arizona,Phoenix,African-American,Y,"Cloves Campbell, azinformantnewspaper@gmail.com",Editor,http://azinformant.com/
Ark Republic,Online,"Newark, New Jersey",New Jersey,Nationwide,African-American,Y,"buildwithus@arkrepublic.com, 973-988-5881",General inbox,https://www.arkrepublic.com/
Atlanta Black Star,Online,"Atlanta, GA",Georgia,Atlanta,African-American,Y,info@atlantablackstar.com,General inbox,http://atlantablackstar.com/
Atlanta Daily World,"""Online, daily""","100 Hartsfield Parkway Atlanta, Georgia 30344, United States",Georgia,Atlanta,African-American,Y,"Duane Torrence, dtorrence@atlantatribune.com",Sales manager,https://atlantadailyworld.com/
Atlanta Tribune,"""Magazine, monthly""","1372 Peachtree St, Atlanta, GA 30309",Georgia,Atlanta,African-American,Y,"Katrice Mines, kmines@atlantatribune.com",Senior editor,https://atlantatribune.com/
Austin Weekly News,"""Newspaper, weekly""","141 S. Oak Park Ave., Oak Park, Illinois 60302",Illinois,Chicago,African-American,Nonprofit,"Michael Romain, michael@austinweeklynews.com",Editor,https://www.austinweeklynews.com/
AuthentiKally Naturale,Podcast,"Chattanooga, TN",Tennessee,Nationwide,Black Women,Y,Kasey Freeman and Jasmine Philyaw,Hosts,https://podcasts.apple.com/us/podcast/authentikally-naturale/id1453451153
Bakersfield News Observer,"""Newspaper, weekly""","1219 20th St, Bakersfield, CA 93301",California,Bakersfield,African-American,Y,observernews@gmail.com,General inbox,http://ognsc.com/
Bay Area Review,"""Newspaper, biweekly""","1821 South Bascom Avenue #358. Campbell, CA 95008",California,San Jose/Bay Area,African-American,Y,"Brigitte Jones, advertising@thebayareareview.com",Publisher,https://www.thebayareareview.com/
Bay State Banner,"""Newspaper, weekly""","1100 Washington St, Dorchester Center, MA 02124",Massachusetts,Boston/New England,African-American and Latino,Y,"Melvin Miller, mbm@b-banner.com",Publisher,https://www.baystatebanner.com/
Before You Go,Podcast,"Saint Louis, MO",Nationwide,Nationwide,General,Y,Nicole Franklin & Bryant Monteilh,Hosts,https://before-you-go.simplecast.com
BELLBulletin,Online,"13236 N 7th Street, Suite 4 #544, Phoenix, AZ 85022",Arizona,Phoenix,African-American,Y,"Leah March, publisher, bellbulletinaz@gmail.com",Founder,https://bellbulletin.com
Birmingham Times,"""Newspaper, weekly""","115 3rd Avenue West, Birmingham, AL 35204",Alabama,Birmingham,African-American,Y,"Samuel Martin, smartin@birminghamtimes.com",Publisher,https://www.birminghamtimes.com/
BK Reader,"""Online, daily""","1915 Fulton St, Brooklyn, NY 11233",New York,"Brooklyn, NYC",All-inclusive,Y,"C. Zawadi Morris, czm@bkreader.com",Publisher,bkreader.com
BLAC Detroit Magazine,"""Magazine, monthly""","6200 2nd Ave D-101, Detroit, MI 48202",Michigan,Detroit,African-American,Y,"Billy Strawter, editor@blac.media",Publisher,https://www.blac.media/
Black Agenda Report,Online,N/A,Nationwide,Nationwide,African-American,Y,"Glen Ford, glen.ford@blackagendareport.com",Executive Editor,https://blackagendareport.com
Black American Spring,Online,"Eugene, OR",Oregon,Oregon,Black Community,Y,Chandlor Henderson,Editor-in-Chief,https://theblackamericanspring.com
Black By God,Online,"1002 Lee St E, Charleston, WV 25301 (approximate because online only)",West Virginia,West Virginia,African-American,Y,"Crystal Good, publisher, crystaldawngood@gmail.com",Founder,https://blackbygod.substack.com/
Black Cannabis,Online,N/A,Nationwide,Nationwide,"POC, women, veterans, LGBTQ community",Y,"info@black-cannabis.com, (609) 414-8224",General inbox,https://black-cannabis.com/
Black Catholic Messenger,"""Online, daily""","2209 Dante St., New Orleans, LA 70118",Louisiana,Nationwide,Black Catholic,Y,"Nate Tinner-Williams, co-founder, nate@blackcatholicmessenger.com",Co-founder,https://www.blackcatholicmessenger.com/
Black Farmers Index,Online,"1105 Moss St #90391, Lafayette, LA 70509",Nationwide,Nationwide,General,Y,"foodculture@blackfarmersindex.com, (337) 357-8321",General inbox,https://blackfarmersindex.com/
Black History Everyday,"Online,Smart Speaker",California,Nationwide,Nationwide,Black audiences,Y,"Kiki Monifa, amonifa@gmail.com, 510.847.0720",Founder,https://blackhistoryeveryday.life
Black Iowa News,Newsletter,"1426 E. 17th Ct, Des Moines, IA 50316",Iowa,Statewide,African-American,Y,"Dana James, blackiowanews@icloud.com",Founder,https://blackiowanews.bulletin.com/?fbclid=IwAR1fj5nKhSwj7C1seM-xZcmEMrkncbbK8t2H40Nqx6P01-JYzWwspRRdSb0
Black Star News,"""Newspaper, weekly""","11 Broadway # 519, New York, NY 10004",New York,NYC,African-American,Y,,,https://www.blackstarnews.com/
Black Voice News,"""Newspaper, weekly"",""Online, daily""","1201 University Ave. Ste. 210, Riverside, CA 92507",California,Riverside/Inland Empire,African-American,Y,"Paulette Brown-Hinds, info@blackvoicenews.com",Publisher,https://www.blackvoicenews.com/
Black Westchester,Magazine,"455 Tarrytown Rd, Suite 1318, White Plains, NY 10607",New York,Westchester County,African-American,Y,BlackWestchesterMag@gmail.com,General inbox,blackwestchester.com
Blackbelt Voices,Podcast,"P.O. Box 2093, Conway, AR 72033",Arkansas,U.S. South,Black diaspora,Y,"Adena J. White, yall@blackbeltvoices.com",Founder,https://www.blackbeltvoices.com/
Bleu Magazine,"Magazine,Online","26 Broadway, New York, NY 10004",New York,Nationwide,African-American,Y,"Devon Johnson, devon@bleulife.com",Publisher,https://bleumag.com/
Bluff City Post,"""Newspaper, semimonthly""","719 Franklin St, Natchez, MS 39120",Mississippi,Natchez,African-American,Y,,,
Bridge Detroit,"""Online, daily""","3434 Chene, PO Box 7046, Detroit, MI 48207",Michigan,Detroit,General market but all staff Black and Latino,"N, nonprofit","Stephen Henderson, SHDetroit@bridgedetroit.com",Editor,https://www.bridgedetroit.com/
Brooklyn Afro Times,"""Newspaper, weekly""","1195 Atlantic Avenue Brooklyn, New York 11216",New York,Brooklyn,African-American,Y,,,
California Advocate,"""Newspaper, weekly""","1555 E St, Fresno, CA 93706",California,Fresno/Central Valley,African-American,Y,"Mark Kimber, newsroom@caladvocate.com",Publisher,https://thecaladvocate.com/
Call and Post,"""Newspaper, weekly""","11800 Shaker Blvd, Cleveland, OH 44120",Ohio,Cleveland,African-American,Y,,,https://www.callandpost.com/
Capital B,Online,"Atlanta, GA",Georgia,Atlanta,Black,"N, non-profit","Lauren Williams & Akoto Ofori-Atta, info@capitalbnews.org",Cofounders,https://capitalbnews.org
Capital Outlook,"""Newspaper, weekly""","1363 E Tennessee St, Tallahassee, FL 32308",Florida,Tallahassee,African-American,Y,"St. Clair Murraine, info@capitaloutlook.com",marketing director,http://capitaloutlook.com/site/
Carib Press,"""Newspaper, monthly""","8549 Wilshire Blvd, Beverly Hills, CA",California,Southern California,Caribbean,Y,"Lyndon A. Johnson, info@caribpress.com",Publisher,http://www.caribpress.com/
Caribbean Life,"""Newspaper, twice monthly""","One Metrotech Center North, Brooklyn, NY 11201",New York,Greater New York,Caribbean,N,"Cliff Luster, cluster@schnepsmedia.com",Publisher,https://www.caribbeanlifenews.com/
Caribbean Times,"""Newspaper, twice monthly""","P.O. Box 100470, Brooklyn, NY 11210",New York,"Brooklyn, Queens, Manhattan, Bronx",Caribbean,Y,"Michael Babwar, mike@caribbeantimesnews.com",Publisher,https://caribbeantimesnyc.com/
Carolina Panorama,"""Newspaper, weekly""","P.O. Box 11205, Columbia, SC 29211-1205",South Carolina,Columbia,African-American,Y,,,https://www.carolinapanorama.com/
Carolina Peacemaker,"""Newspaper, weekly""","807 Summit Avenue, Greensboro, NC 27405",North Carolina,Greensboro,African-American,Y,"John Marshall Kilimanjaro, ads@carolinapeacemaker.com",Publisher,http://www.peacemakeronline.com/
Carter Broadcast Group (KPRS/KPRT),Radio,"11131 Colorado Ave, Kansas City, MO 64137",Missouri,Kansas City,African-American,Y,,,https://www.kprs.com/
CashColorCannabis,"Online,Podcast",N/A,Nationwide,Nationwide,African-American,Y,"Mehka King, 
mehka@invisiblemanmedia.com",Founder,https://www.cashcolorcannabis.com/
Central Valley Voice,"""Newspaper, monthly""","1444 Fulton St, Fresno, CA 93721-1610",California,Central Valley,African-American and Latino,Y,"Felicia Roberts, centralvalleyvoice@yahoo.com",Publisher,http://centralvalleyvoicenews.com/
Challenger Community News,"""Newspaper, weekly""","1337 Jefferson Ave, Buffalo, NY 14208",New York,Buffalo,African-American,Y,"Alnisa Banks, advertising@thechallengernews.com",Editor,https://thechallengernews.com/
Chattanooga Courier,"""Newspaper, weekly""","6050 Shallowford Rd, Chattanooga, TN 37422",Tennessee,Chattanooga,African-American,Y,,,https://www.pridepublishinggroup.com/pride/
Chattanooga News Chronicle,"""Newspaper, weekly""","611 E M L King Blvd, Chattanooga, TN 37403",Tennessee,Chattanooga,African-American,Y,,,https://chattnewschronicle.com/
Chicago Crusader,"""Newspaper, weekly""","6429 S King Dr, Chicago, IL 60637",Illinois,Chicago,African-American,Y,"Dorothy Leavell, news@chicagocrusader.com",Publisher,https://chicagocrusader.com/
Chicago Defender,"""Newspaper, weekly""","4445 S King Dr, Chicago, IL 60653",Illinois,Chicago,African-American,Y,"Dyanna Knight Lewis, editorial@chicagodefender.com",Regional VP,https://chicagodefender.com/
Citizen Newspaper Group,"""Newspaper, weekly""","8741 S Greenwood Ave, Chicago, IL",Illinois,South Side Chicago,African-American,Y,editorial@citizennewspapergroup.com,General inbox,https://citizennewspapergroup.com/
City Bureau,"""Online, daily""","3619 S. State St. Ste 400, Chicago, IL 60609",Illinois,Chicago,General,Nonprofit,"Bettina Chang and Darryll Holliday, info@citybureau.org",Co-founders,citybureau.org
Clarksville Press,"""Newspaper, weekly""","2277-C Wilma Rudolph Blvd #268, Clarksville, TN  37040",Tennessee,Clarksville,African-American,Y,,,https://www.pridepublishinggroup.com/pride/
CNY Vision,"""Newspaper, weekly""","331 Hollenbeck St, Rochester, NY 14621",New York,Syracuse,African-American,Y,,,http://cnyvision.com/
Compton Bulletin,"""Newspaper, weekly""","800 E Compton Blvd E, Rancho Dominguez, CA 90221",California,Compton,Multicultural,Y,news@thecomptonbulletin.com,General inbox,https://www.thebulletinweekly.com/
Compton Herald,"""Online, daily""","701 S Santa Fe Ave, Compton, CA 90221 (approximate)",California,Compton,African-American,Y,"Jarrette Fellows, thecomptonherald@gmail.com",Manager,https://www.comptonherald.org/
Converge Media,Online,"80 S Washington St Suite 203, Seattle, WA 98104",Washington,Seattle/PNW,African American,Y,Info@Africatown.Media.com,,https://www.whereweconverge.com/
CultureBanx,Online,"Brooklyn, NY",Nationwide,Nationwide,African-American,Y,info@culturebanx.com,General inbox,https://www.culturebanx.com/
Cup of Soul Show,Online,Pennsylvania,Pennsylvania,Nationwide,BIPOC,Y,Kathia Woods,Founder,https://www.cupofsoulshow.com
Dallas Examiner,"""Newspaper, weekly""","4510 S. Malcolm X Blvd., Dallas, TX 75215",Texas,Dallas,African-American,Y,"Mollie Finch Belt, mbelt@dallasexaminer.com",Publisher,dallasexaminer.com
Dallas Post Tribune,"""Newspaper, weekly""","2726 S Beckley Ave, Dallas, TX 75224",Texas,Dallas,African-American,Y,,,https://dallasposttrib.com/
Data News Weekly,"""Newspaper, weekly""","3501 Napoleon Ave, New Orleans, LA 70125",Louisiana,New Orleans,African-American,Y,"Terry B. Jones, datanewsad@bellsouth.net",Publisher,https://ladatanews.com/
Davis Broadcasting Co. (WOKS/WFXE/WKZJ/WEAM/WIOL),Radio,"2203 Wynnton Rd, Columbus, GA 31906",Georgia,Columbus,African-American,Y,,,http://www.dbiradio.com/
Daytona Times,"""Newspaper, weekly""","P.O. Box 48857, Tampa, FL 33646",Florida,Daytona Beach,African-American,Y,"Julia T. Cherry, sales@daytonatimes.com",Senior managing member,http://daytonatimes.com/
Deem Journal,Magazine,N/A,Nationwide,Nationwide,BIPOC,Y,hello@deemjournal.com,General inbox,https://www.deemjournal.com/
Delawareblack.com,"""Online, daily""","500 Delaware Ave Ste 1, Wilmington, DE 19801 (approximate)",Delaware,State of Delaware,African-American,Y,"Leonard Young, info@delawareblack.com",Founder,Delawareblack.com
Denver Urban Spectrum,"""Newspaper, monthly""","738 Peoria St Unit 31001, Aurora, CO 80041",Colorado,Denver,Multicultural,Y,"Bee Harris, publisher@urbanspectrum.net",Publisher,http://denverurbanspectrum.com/
Denver Weekly News,"""Newspaper, weekly""",P.O. Box 5008. DENVER Colorado 80217-5008,Colorado,Denver,African-American,Y,dwnews2@yahoo.com,General inbox,https://www.facebook.com/DenverWeeklyNews/
Durham Skywriter/TV Skywriter,Online,"1910 Capps St, Durham NC 27707",North Carolina,"Durham, NC (newspaper); worldwide (interview program)",multicultural,Y,"Patricia A Murray, durhamskywriter@gmail.com, 919-809-9682",Publisher/Host,www.durhamskywriter.com
East Side Daily News,"""Newspaper, every three days""","11400 Woodland Ave, Cleveland, OH 44104",Ohio,East side of Cleveland,African-American,Y,,,https://www.eastsidedailynews.com/
Eclectically Black News,"""Online, daily"",Blog","421 8th Ave, New York, NY 10001 (approximate)",New York,Nationwide,Black diaspora,Y,,,http://gloria-dulan-wilson.blogspot.com/
Ernestly Speaking,Podcast,"Philadelphia, PA",Pennsylvania,Nationwide,General,Y,Ernest Owens,Host,https://soundcloud.com/mrernestowens
Ethiopian Community Media Association,TV program,"655 South Orcas St. Bldg O, #203, Seattle, WA 98109",Washington,Seattle,Ethiopian,Y,info@ecseattle.org,,https://www.ecseattle.org/
Ethiopian Observer,Online,"17829 Wayne Avenue N, Seattle WA 98133",Washington,Seattle,Ethiopian,Y,ethiopians@ethioobserver.net,,http://www.ethioobserver.net/
Everybody's Caribbean,"""Magazine, 9 issues annually""","1630 Nostrand Ave., Brooklyn NY 11226",New York,Greater New York,Caribbean,Y,"Herman Hall, editor@everybodysmag.com",Editor,https://everybodysmag.com/
Facts News,"""Newspaper, weekly""","1112 34th Ave, Seattle, WA 98122",Washington,Seattle,African-American,Y,,,https://www.nwfacts.com/
Flint Beat,"""Online, daily""","615 Saginaw Street Suite 5005, Flint, Mich. 48502",Michigan,Flint,General,Y,"Jiquanda Johnson, team@flintbeat.com",Founder,flintbeat.com
Florida Courier,"""Newspaper, weekly""","PO Box 48857 Tampa, FL 33646-0124",Florida,Fort Pierce,African-American,Y,"Julia T. Cherry, sales@daytonatimes.com",Senior managing member,https://flcourier.com/
Florida Sentinel-Bulletin,"""Newspaper, weekly""","2207 E 21st Ave, Tampa, FL 33605",Florida,Tampa,African-American,Y,"Gwen Hayes, editor@flsentinel.com",Editor,https://flsentinel.com/
Fort Wayne Ink Spot,"""Newspaper, biweekly""","2513 S Calhoun St, Fort Wayne, IN 46807",Indiana,Fort Wayne,African-American,Y,"John Dortch, fwinkspot@gmail.com",Publisher,https://www.fwinkspot.com/
Forward Times ,"""Newspaper, weekly""","4411 Almeda Rd Houston, Texas 77004",Texas,Houston,African-American,Y,,,https://forwardtimes.com/
From the G-Man,Online,"Harlem, NYC",New York,NYC,African-American,Y,"Gary Glennell Toms, FromTheGMan@protonmail.com, (973) 530-7658","Founder, Editor-in-Chief",https://fromthegman.net/
FunTimes Magazine,"Magazine,Online","1226 N 52nd St  Philadelphia, PA 19131",Pennsylvania,Delaware Valley,"African, Caribbean and African American",Y,"Eric Nzeribe, info@funtimesmagazine.com",CEO & Founder,https://www.funtimesmagazine.com/
Gainesville Guardian,"""Newspaper, weekly""","2700 SW 13th St., Gainesville, Florida 32608-2015",Florida,Gainesville,African-American,N,"Cleveland Tinker, cleveland.tinker@gvillesun.com, (352) 337-0376",Editor,http://gainesvilleguardian.com/
Garland Journal,"""Newspaper, twice monthly""","320 S RL Thornton Freeway Service Rd, Dallas, TX 75203",Texas,Garland,African-American,Y,,,https://garlandjournal.com/
Gary Crusader,"""Newspaper, weekly""","1549 Broadway, Gary, IN 46407",Indiana,Gary,African-American,Y,"Dorothy Leavell, news@garycrusader.com",Publisher,https://chicagocrusader.com/category/gary-local-news/
Georgia Sentinel,"""Newspaper, weekly""","3900 Crown Rd SE SW, Atlanta, GA 30304 (approximate)",Georgia,Atlanta,African-American,Y,"Andre White, andrewhite.us@gmail.com",Publisher,http://www.georgiasentinelnews.com/
Grand Rapids Times,"""Newspaper, weekly""","2016 Eastern Ave SE, Grand Rapids, Michigan 49507",Michigan,Grand Rapids,African-American,Y,"Patricia Pulliam, staff@grtimes.com",Publisher,https://www.grtimes.com/
Greene County Democrat,"""Newspaper, weekly""","206 Prairie Ave, Eutaw, AL 35462",Alabama,Eutaw/Greene County,African-American,Y,"John and Carol Zippert, (205) 372-3373",Publisher,https://greenecodemocrat.com/
Haiti en Marche,"""Newspaper, weekly""","173 N.W. 94th Street Miami, Florida 33150",Florida,Miami,Haitian,Y,"Elsie Etheart, elsieetheart@gmail.com",Owner,https://www.haitienmarche.com/
Haiti Progres,"""Newspaper, weekly""","PO Box 30273, Brooklyn, NY 11203",New York,NYC,Haitian,Y,"Maude LeBlanc, newyork@haitiprogres.com",Publisher,https://haitiprogres.com/news/
Harlem Community News,"""Newspaper, biweekly""","P. O. Box # 1775, N.Y., N.Y. 10027",New York,Harlem,African-American,Y,,,https://harlemcommunitynews.com/
HBCU Nation,"Satellite radio,TV,Podcast",,"Washington, D.C.","Charlotte, NC/ Nationwide",HBCU Community / African Diaspora,Y,"Sonya Worrell, sonya@hbcunation.org",COO,www.HBCUNation.org / www.HBCUSmartTV.com
Her Agenda,Online,"New York, NY",New York,Nationwide,African-American,Y,"Rhonesha Byng, rhonesha@heragenda.com, (917) 434-8699","Founder, CEO",https://heragenda.com/
Hoopfeed,Online,"San Francisco Bay Area, California",Nationwide,Nationwide,Women's Basketball Fans,Y,Cheryl Coward,Founder,https://www.hoopfeed.com/content/
Houston Defender,"""Newspaper, weekly""","12401 S Post Oak Rd, Houston, TX 77045",Texas,Houston,African-American,Y,,,https://defendernetwork.com/
Hudson Valley Press,"""Newspaper, weekly""","343 Broadway, Newburgh, NY 12550",New York,Newburgh/Hudson Valley,African-American,Y,,,https://hudsonvalleypress.com/
Hy-Lo News,"""Online, daily""","6200 NW 7th St, Miami, FL 33126 (approximate)",Florida,Miami,African-American,Y,"Janey Tate, hylonews@gmail.com",Editor,https://hylonewsmiami.com/
I Messenger,"""Magazine, weekly""","320 S RL Thornton Freeway Service Rd, Dallas, TX 75203",Texas,State of Texas,"African-American, women",Y,,,https://myimessenger.com/
I Mix What I Like,"Online,Podcast",N/A,Nationwide,Nationwide,African-American,Y,"Jared A. Ball, Ph.D., freemixradio@gmail.com",Founder,https://imixwhatilike.org/
In My Humble Opinion,Radio,"Charlottesville, VA",Virginia,Charlottesville,African-American,Y,imhotalkshow@gmail.com,General inbox,https://www.imhotalkshow.org/
Indianapolis Recorder,"""Newspaper, weekly""","2901 N Tacoma Ave, Indianapolis, IN 46218",Indiana,Indianapolis,African-American,Y,"Robert Shegog, roberts@indyrecorder.com",President and CEO,https://indianapolisrecorder.com/
Inglewood Business Magazine,"""Magazine, bimonthly""","300 E Hillcrest Blvd, Inglewood, CA 90301 (approximate)",California,Inglewood,African-American,Y,"Norman Boseman, inglewoodbusinessmag@gmail.com",Publisher,https://inglewoodbusinessmag.com/
Inglewood Times,"""Online, daily"",""Magazine, quarterly""","2926 W Manchester Blvd, Inglewood, CA 90305",California,Inglewood,African-American,Y,"Richard Diaz, info@inglewoodtimes.com",Publisher,http://inglewoodtimesmagazine.com/
Inglewood Today,"""Newspaper, weekly""","9111 S La Cienega Blvd Inglewood, CA 90301",California,Inglewood,African-American,Y,"Kenneth Miller, info@inglewoodtoday.com",Publisher,https://inglewoodtoday.com/
Inland Valley News,"""Newspaper, weekly""","2009 Porterfield Way, Upland, CA 91786",California,Pomona/Inland Valley,African-American,Y,"Talese Morrow, Talese@InlandValleyNews.com",Publisher,http://inlandvalleynews.com/
Inner-City News,"""Newspaper, weekly""","50 Fitch St # 2, New Haven, CT 06515",Connecticut,New Haven,African-American,Y,"Babz Rawls Ivy, babz@pennfieldcomm.com",Editor,https://www.facebook.com/Inner-City-Newspaper-144130975669013/?ref=page_internal
Inquiring News,"""Newspaper, weekly""","P.O. Box 1984, Hartford, CT 06144",Connecticut,"Hartford, CT; Springfield, MA",African-American,Y,inqnews@aol.com,General inbox,https://inqnews.com/
Insight News,"""Newspaper, weekly""","1803 N Bryant Ave, Minneapolis, MN 55411",Minnesota,St. Paul-Minneapolis,African-American,Y,"Al McFarlane, info@insightnews.com",Founder and editor,https://www.insightnews.com/
Jackson Advocate,"""Newspaper, monthly""","100 W.Hamilton St. Jackson Ms, 39202",Mississippi,Jackson,African-American,Y,"Deanna Tisdale-Johnson, thejacksonadvocate@gmail.com",Publisher,https://www.jacksonadvocateonline.com/
Jackson Free Press,"""Newspaper, biweekly""","125 S. Congress Street #1324A Jackson, MS 39201",Mississippi,Jackson,All-inclusive,"N, mostly Black staff","Donna Ladd, 601-362-6121",Editor and CEO,jacksonfreepress.com
Jacksonville Free Press,"""Newspaper, weekly""","1122 Edgewood Ave W, Jacksonville, FL 32208",Florida,Jacksonville,African-American,Y,jfreepress@aol.com,General inbox,http://jacksonvillefreepress.com/
Journal And Guide,"""Newspaper, weekly""","5127 E Virginia Beach Blvd, Norfolk, VA 23502",Virginia,Norfolk,African-American,Y,,,http://thenewjournalandguide.com/
Kansas City Globe,"""Newspaper, weekly""","615 E 29th St, Kansas City, MO 64109",Missouri,Kansas City,African-American,Y,,,https://www.thekansascityglobe.com/
KAZI,Radio,"8906 Wall St #203, Austin, TX 78754",Texas,Austin,African-American,Nonprofit,,,https://www.kazifm.org/
KBBG,Radio,"918 Newell St, Waterloo, IA 50703",Iowa,Waterloo,African-American,N,,,
KCEP,Radio,"350 W Washington suite #125 Las Vegas, Nevada 89106",Nevada,Las Vegas,African-American,Nonprofit,"Craig Knight, 702-648-0104",Station Manager,https://www.power88lv.com/
KCLT/WNEV/KAKJ,Radio,"700 Martin Luther King Drive, West Helena AR 72390",Arkansas,Eastern Arkansas/Northwest Mississippi,African-American,Y,"Raymond Simes, force2@sbcglobal.net",CEO,https://force3radio.com/
Key News Journal,"""Newspaper, monthly""","P.O. Box 23321 Lexington, KY 40523",Kentucky,Lexington/Central KY,African-American,Y,editorial@keynewsjournal.com,General inbox,https://www.facebook.com/TheKeyNewsjournal/
KFOO,Radio,"2030 Iowa Ave Ste 100, Riverside CA 92507",California,San Bernardino/Riverside,African-American,"N, iheartradio affiliate",,,https://riverside.binnews.com/
KISA Radio,"""Online, radio""","Atlanta, GA",Georgia,Nationwide,African Americans,Y,"Lisa Tinsley, lisa@kisaradio.org",Founder,https://kisaradio.org
KJBU,Radio,"4000 S. Rose Avenue, Oxnard CA 90333",California,Ventura County,Black diaspora,"N, nonprofit",info@rhythmofthecoast.com,General inbox,http://rhythmofthecoast.com/
KJLH,Radio,"161 N. La Brea Avenue, Inglewood, CA 90301",California,Southern California,African-American,Y,"Karen Slade, keslade@kjlhradio.com",General manager,https://kjlhradio.com/
KKSF,Radio,"340 Townsend St San Francisco, CA",California,Oakland/Bay Area,African-American,"N, iheartradio affiliate",,,https://bayarea.binnews.com/
KOWN,Radio,"7400 Dodge St Ste 64, Omaha, NE 68114",Nebraska,Omaha,African-American,Y,,,http://www.957fmtheboss.com/
KPOO,Radio,1329 Divisadero St San Francisco,California,San Francisco,African-American,,,,https://kpoo.com/
KSQA,TV,"301 South 36th Street, Quincy, IL 62301",Kansas,Topeka,General market ,Y,,,
LA Focus,"""Newspaper, monthly""","333 W Florence Ave, Inglewood, CA",California,Los Angeles,African-American,Y,"Lisa Collins, lafocus@aol.com",Publisher and editor,https://lafocusnewspaper.com/
LA Watts Times,"""Newspaper, weekly""","3800 Crenshaw Blvd, Los Angeles, CA 90008",California,Los Angeles,African-American,Y,"Danny Bakewell, dannysr@lasentinel.net",,https://lawattstimes.com/
Las Vegas Black Image,"""Magazine, monthly""","2412 Santa Clara Drive, Las Vegas, NV 89104",Nevada,Las Vegas,African-American,Y,"Charles and Kimberly Tueraud, cdalasvegas@gmail.com",Co-owners,http://lasvegasblackimage.com/
Legacy,"""Newspaper, weekly""","P.O. Box 12474, Richmond, VA 23241",Virginia,Richmond,African-American,Y,,,https://virginialegacy.com/
Los Angeles Sentinel,"""Newspaper, weekly""","3800 Crenshaw Blvd, Los Angeles, CA 90008",California,Los Angeles,African-American,Y,"Pamela Bakewell, pamela@lasentinel.net",Executive vice president,https://lasentinel.net/
Los Angeles Wave Newspapers,"""Newspaper, weekly""","3731 Wilshire Blvd #840, Los Angeles, CA 90010",California,Los Angeles,Multicultural,Y,"Don Wanlass, newsroom@wavepublication.com",Managing editor,http://wavepublication.com/
Louisiana Weekly,"""Newspaper, weekly""","2215 Pelopidas St, New Orleans, LA 70122",Louisiana,New Orleans,African-American,Y,"Renette Dejoie-Hall, rdh@louisianaweekly.com",Executive editor,http://www.louisianaweekly.com/
Louisville Defender,"""Newspaper, weekly""","1720 Dixie Hwy, Louisville, KY 40210",Kentucky,Louisville,African-American,Y,loudefender@aol.com,General inbox,https://www.facebook.com/louisvilledefender/
Love Now Media,"""Online, video""","836 South Street Philadelphia, PA 19147",Pennsylvania,Philadelphia,General,Y,"Jos Duncan, jos@lovenowmedia.com",Founder and Chief Storyteller,https://lovenowmedia.com/
mater mea,Online,"New York City, NY",Nationwide,Nationwide,Black Mothers,Y,Tomi Akitunde General inquiries: info@matermea.com,Founder,https://matermea.com
Michigan Bulletin,"""Newspaper, weekly""","P.O. Box 13062 Lansing, MI 48901",Michigan,Lansing,African-American,Y,"Marcus Jefferson, (517) 321-1234",Publisher,https://mibulletin.com/
Michigan Chronicle,"""Newspaper, weekly""","1452 Randolph Street #400, Detroit, MI 48226",Michigan,Detroit,African-American,Y,"AJ Williams, aj.williams@michchronicle.com",Managing editor,https://michiganchronicle.com/
Middle Georgia Informer,"""Newspaper, weekly""","905 Main St, Macon, GA 31217",Georgia,Macon,African-American,Y,"Cornelia Walker, gainformer@yahoo.com",Publisher,http://www.gainformer.com/index.html
Milwaukee Courier,"""Newspaper, weekly""","2003 W Capitol Dr, Milwaukee, WI 53206",Wisconsin,Milwaukee,African-American,Y,(414) 449-4860,,https://milwaukeecourieronline.com/
Minnesota Spokesman-Recorder,"""Newspaper, weekly""","3744 4th Ave S, Minneapolis, MN 55409",Minnesota,Minneapolis,African-American,Y,"Tracey Williams-Dillard, twilliams@spokesman-recorder.com",CEO and Publisher,https://spokesman-recorder.com/
Minority Reporter,"""Newspaper, weekly""","2269 Lyell Avenue, Rochester, NY 14606",New York,Rochester,African-American,Y,,,http://minorityreporter.net/
Mississippi Free Press,Online,"125 S. Congress Street #1324A Jackson, MS 39201",Mississippi,Mississippi,All-inclusive,Nonprofit,"Kimberly Griffin, kimberly@mississippifreepress.org",Founding publisher,mississippifreepress.org
Mississippi Link,"""Newspaper, weekly""","2659 Livingston Rd, Jackson, MS 39213",Mississippi,Jackson,African-American,Y,"Jackie Hampton, admin@themississippilink.com",Publisher,https://themississippilink.com/
Monroe Free Press,"""Newspaper, weekly""","216 Collier Ave, Monroe, LA 71201",Louisiana,Monroe,African-American,Y,"Roosevelt Wright, freepress1969@yahoo.com",Owner,https://www.monroefreepress.net/
Murfreesboro Vision,"""Newspaper, weekly""","PO Box 60487, Nashville, TN 37206",Tennessee,Murfressboro,African-American,Y,,,https://www.pridepublishinggroup.com/pride/
Muslim Journal,"""Newspaper, weekly""","227 E. 51st Street, Chicago, IL 60615",Illinois,Chicago,Black Muslim,Y,feedback@muslimjournal.net,General inbox,https://muslimjournal.net/
N'Digo,"""Newspaper, weekly""","329 West 18th Street Suite 613. Chicago, IL 60616",Illinois,Cook County,African-American,Y,"Helene Hartman, hhartman@ndigo.com",Founder,https://ndigo.com/
Nashville Pride,"""Newspaper, weekly""","4065 Gallatin Pike. Nashville, TN 37216",Tennessee,Nashville,African-American,Y,,,https://www.pridepublishinggroup.com/pride/
NAZAR,Online,"4410 Paul St Philadelphia, PA 19124 (approximate)",Pennsylvania,Nationwide,African-American,Y,"Vanessa Taylor, inquiries.taylor@gmail.com",Founder,nazar.substack.com 
New National Baptist Voice,"""Newspaper, quarterly""","30 W Pershing Rd #112, Kansas City, MO 64108 (approximate)",Missouri,Kansas City,African-American,Y,,,
New Orleans Tribune,"""Newspaper, monthly""","2317 Esplanade Avenue, New Orleans, LA 70119",Louisiana,New Orleans,African-American,Y,"Dwight McKenna, dwightmckenna@mckennapublishing.com",Publisher,https://theneworleanstribune.com/
New Pittsburgh Courier,"""Newspaper, weekly""","315 E Carson St, Pittsburgh, PA 15219",Pennsylvania,Pittsburgh,African-American,Y,,,https://newpittsburghcourier.com/
New York Amsterdam News,"""Newspaper, weekly""","2340 Frederick Douglass Blvd, New York, NY 10027",New York,NYC,African-American,Y,,,http://amsterdamnews.com/
New York Beacon,"""Newspaper, weekly""","600 3rd Ave, New York, NY 10016",New York,NYC,African-American,Y,,,https://newyorkbeacon.com/
NOISE,Online,"2422 Lake St, Omaha, NE 68111",Nebraska,North Omaha,General,Nonprofit,"make@noiseomaha.com, (402) 807-5076",General inbox,https://www.noiseomaha.com/
Nomadic Hustle,Podcast,"PO Box 18463, Seattle, WA 98118",Washington,Statewide,Somali,Y,,,https://www.youtube.com/c/NomadicHustle/featured
North Dallas Gazette,"""Newspaper, weekly""","P. O. Box 763866, Dallas, TX 75376-3866",Texas,Dallas,African-American,Y,,,https://northdallasgazette.com/
North Lawndale News,"""Newspaper, weekly""","5650 West Madison Street, Chicago, IL 60644",Illinois,Chicago,African-American,Y,"Isaac Lewis Jr., isaacl@nlcn.org",Executive director,nlcn.org
Northend Agents,"""Newspaper, weekly"",""Online, daily""","150 Trumbull St Fl 4, Hartford, CT 06103 ...",Connecticut,Hartford,African-American,Y,submissions@northendagents.com,General inbox,https://www.northendagents.com/
NYIHA Media,Online,"700 Columbus Ave # 20744, New York, NY 10025",New York,New York,Diaspora,Y,"Steeve Coupeau, (646) 301-0146",Founder,nyiha.com 
One Media Central Valley,Online aggregator,"PO Box 1298. Winton, CA. 95388",California,Central Valley,African-American,Y,Julia Dudley Najieb,CEO,https://www.onmenews.com/
Orlando Advocate,"""Newspaper, weekly""","30 Coburn Ave Orlando, FL 32805",Florida,Orlando,African-American,Y,webmaster@orlandoadvocate.com,General inbox,https://orlandoadvocate.com/
Our Time Press,"""Newspaper, weekly""","358 Classon Ave, Brooklyn, NY 11238",New York,NYC,African-American,Y,,,https://www.ourtimepress.com/
Our Times Newspaper,"""Newspaper, biweekly""","605 S Evans Ave, Evansville, IN 47713",Indiana,Evansville,African-American,Y,"Gene Kendrick, kendrick47713@gmail.com",Sales manager,https://www.ourtimesnewspaper.com/Media/Index.html
Our Weekly,"""Newspaper, weekly""","8732 S. Western Avenue Los Angeles, CA 90047",California,Los Angeles,African-American,Y,"Natalie Cole, info@ourweekly.com",Publisher and CEO,http://ourweekly.com/
PACE News,"""Newspaper, weekly""","3707 West 54th Street. Los Angeles, CA 90043",California,Los Angeles,African-American,Y,"Gloria Zuurveen, gloriaz@pacenews.net",Publisher     ,https://www.pacenewsonline.com/
Pasadena/San Gabriel Valley Journal,"""Newspaper, weekly""","1541 N. Lake Avenue Pasadena, California 91104",California,Pasadena,African-American,Y,"Joe C. Hopkins, journal@pasadenajournal.com",Publisher,https://www.pasadenajournal.com/
Philadelphia Sunday Sun,"""Newspaper, weekly""","6661-63 Germantown Ave, Philadelphia, PA 19119",Pennsylvania,Philadelphia,African-American,Y,,,https://www.philasun.com/
PhxSoul.com,"""Online, daily""","4415 N Maryvale Pkwy, Phoenix, AZ 85031 (approximate)",Arizona,Phoenix,African-American,Y,"Tremaine Jasper, info@phxsoul.com",Owner,PhxSoul.com
Plugged,Online,"1430 Concordia Ave, St Paul, MN 55104 (approximate)",Minnesota,Nationwide,African-American,Y,"Jeffrey Bissoy-Mattis, @J_bissoy",Co-founder,https://thepluggedapp.com/
Ponchatoula Drum,"""Newspaper, monthly""","17253 Lavigne Rd, Ponchatoula, LA 70454-2485",Louisiana,Ponchatoula,African-American,Y,news@thedruminfo.com,General inbox,http://www.thedrumnewspaper.info/
Portland Observer,"""Newspaper, weekly""","4747 NE Martin Luther King Jr Blvd, Portland, OR 97211",Oregon,Portland,African-American,Y,,,http://portlandobserver.com/
Post News Group,"""Newspaper, weekly""","360 14th St, Oakland, CA 94612",California,Oakland/Bay Area,African-American,Y,"Paul Cobb, social@postnewsgroup.com",Publisher,https://www.postnewsgroup.com/
Precinct Reporter,"""Newspaper, weekly""","357 W 2nd St, San Bernardino, CA 92401",California,Long Beach/Southern California,African-American,Y,"Brian Townsend, news@precinctreporter.com",Publisher and editor,https://www.precinctreporter.com/
Pride Magazine,"""Magazine, monthly""","8401 University Executive Park Drive, Ste. 122, Charlotte, NC 28262",North Carolina,Charlotte,African-American,Y,"Dee Dixon, info@pridemagazine.net",Publisher,http://www.pridemagazineonline.com/
Public Intellectuals,"""Online, daily""","421 8th Ave, New York, NY 10001 (approximate)",New York,Nationwide,African-American/working class,Y,"Teka Lo, teex@publicintellectuals.org",Editor,http://publicintellectuals.org/
Pulsebeat Media,"Online,TV program","Detroit, MI",Michigan,Detroit,General,Y,Greg Dunmore,Executive Producer,https://pulsebeatmedia.com
Pure News USA,"""Newspaper, monthly""","1701 S College St, Springfield, IL 62704",Illinois,Springfield,African-American,Y,"James Anderson, tellit@purenews.com",Advertising director,http://www.purenews.com/
PushBlack,"""Online, daily""","50 Massachusetts Ave NE, Washington, DC 20002 (approximate)","Washington, D.C.",Nationwide,African-American,Nonprofit,Jay Andrew,Editor,https://pushblack.us
Qcitymetro,"""Online, daily""","6241 South Blvd, Charlotte, NC 28217",North Carolina,Charlotte,African-American,Y,"Katrina Louis, katrinalouis@qcitymetro.com",Managing editor,qcitymetro.com
Radio One (KBFB/KSOC),Radio,"8235 Douglas Ave, Dallas, TX",Texas,Dallas,African-American,Y,,,
Richmond Free Press,"""Newspaper, weekly""","422 E Franklin St # 2, Richmond, VA 23219",Virginia,Richmond,African-American,Y,,,http://richmondfreepress.com/
Richmond Pulse,"""Newspaper, monthly""","P.O. Box 70977, Point Richmond, California, 94807",California,Richmond,Multicultural,N ,"Malcolm Marshall, info@richmondpulse.org",Founder,https://richmondpulse.org/
Runta (The Truth),"Online,""Magazine, monthly""","Po Box 18463. Seattle, WA 98118-0463",Washington,Statewide,Somali,Y,,,http://runtanews.com/
Rwebel Media,"Magazine,Online,Podcast","Chicago, IL",Illinois,Nationwide,African-American,Y,"Javanna Plummer, javannawplummer@gmail.com, (773) 217-0079",Founder,https://www.rwebelmedia.com/
Sacramento Cultural Hub,"""Online, daily"",""Magazine, quarterly""","2572 21st St, Sacramento, CA 95818",California,Sacramento,African-American,Y,"Pleshette Robertson, contact@sacculturalhub.com",CEO,https://www.sacculturalhub.com/
Sacramento Observer,"""Newspaper, weekly""","1825 Del Paso Blvd, Sacramento, CA 95815",California,Sacramento,African-American,Y,"Larry Lee, editor@sacobserver.com",Editor,http://sacobserver.com/
Sahan Journal,"""Online, daily""","370 Wabasha St. N. Suite 500, Saint Paul, MN 55102",Minnesota,State of Minnesota,Immigrant,Nonprofit,Mukhtar M. Ibrahim: editor@sahanjournal.com,Editor,https://sahanjournal.com/
Salaxley TV,"""Online, video""","15245 International Blvd Seattle, WA 98188",Washington,Statewide,Somali,Y,salaxleytv@gmail.com,,https://www.youtube.com/channel/UCbd3ooNLzxDqu-1LOZwtvIA
San Diego Monitor,"""Magazine, weekly""","5106 Federal Blvd. Ste. 207, SAN DIEGO, CA 92114",California,San Diego,African-American,Y,sdmonitor@outlook.com,General inbox,https://sdmonitornews.com/
San Diego Voice and Viewpoint,"""Newspaper, weekly""","3619 College Ave, San Diego, CA 92115",California,San Diego,African-American,Y,"John E. Warren, news@sdvoice.info",Editor,https://sdvoice.info/
San Francisco Bay View,"""Newspaper, monthly""","4917 3rd Street, San Francisco, CA",California,San Francisco/Bay Area,African-American,Y,editor@sfbayview.com,General inbox,https://sfbayview.com/
San Francisco Sun Reporter,"""Newspaper, weekly""","1791 Bancroft Ave, San Francisco, CA 94124",California,San Francisco/Bay Area,African-American,Y,"Gail Berkley, sunmedia97@aol.com",Editor,http://sunreportermedia.com/
Sapelo Square,Online,N/A,Nationwide,Nationwide,Black Muslims,Nonprofit,info@sapelosquare.com,General inbox,https://sapelosquare.com/
Savannah Herald,"""Newspaper, weekly""","2135 Rowland Ave b, Savannah, GA 31404",Georgia,Savannah,African-American,Y,"Kenny Adams, news@savannahherald.net",Managing editor,https://savannahherald.net/
Scalawag,"""Online, daily""","PO Box 129, Durham, NC 27702",North Carolina,Regional,African-American,Nonprofit,"Cierra Hinton, team@scalawagmagazine.org",Executive Director,https://scalawagmagazine.org/
Scoop USA,"""Newspaper, weekly""","1354 West Girard Avenue, 2nd Floor Rear Philadelphia, PA 19122",Pennsylvania,Philadelphia,African-American,Y,,,https://scoopusamedia.com/
Seaside Post News-Sentinel,"""Newspaper, weekly""","PO Box 670, Seaside, CA 93955",California,Seaside,African-American,Y,"Alade Djehuti-Mes, seasidepostnews@gmail.com",Publisher,seasidepost-california.com
Seattle Medium,"""Newspaper, weekly""","2600 S Jackson St, Seattle, WA 98144",Washington,Seattle,African-American,Y,,,https://seattlemedium.com/
Shaw's Broadcasting Co. (WBOL/WOJG),Radio,"123 W Market St, Bolivar, TN 38008",Tennessee,Bolivar,African-American,Y,,,http://www.wojg.com/
Shoresides,Podcast,"PO Box 448, Wilmington, NC 28402",North Carolina,Wilmington,African-American,Nonprofit,info@shoresides.org,General inbox,shoresides.org
Shreveport Sun,"""Newspaper, weekly""","2224 Jewella Ave, Shreveport, LA 71109",Louisiana,Shreveport,African-American,Y,"Sonya Collins Landry, sunweekly@aol.com",Editor,https://www.sunweeklynews.com/
SomaliVoices of North America (SomaliVoices),Social Media/Facebook,"7724 35th Ave NE, Seattle, WA 98115",Washington,Nationwide,Somali,Y,somalivoices@gmail.com,,https://www.facebook.com/somalivoices
South Carolina Black News,"""Newspaper, weekly""","1310 Harden St, Columbia, SC, 29204-1820",South Carolina,Columbia,African-American,Y,,,http://www.scblackmediagroup.com/
South Florida Times,"""Newspaper, weekly""",3020 North East 32 AvenueSuite 200 Fort Lauderdale Florida 33308,Florida,Miami/South Florida,African-American,Y,"CB Hanif, CBHanif@SFLTimes.com",Editor,http://www.sfltimes.com/
South Seattle Emerald,Online,"PO Box 28505, Seattle, WA 98118",Washington,South Seattle,BIPOC,Nonprofit,contact@seattleemerald.org,General inbox,https://southseattleemerald.com/
Speakin' Out News,"""Newspaper, weekly""","101 Oakwood Ave NW, Huntsville, AL 35811",Alabama,Huntsville,African-American,Y,"William Smothers, speakinoutnews@gmail.com",Publisher,https://speakinoutweeklynews.net/
St. Louis American,"""Newspaper, weekly""","2315 Pine St, St. Louis, MO 63103",Missouri,St. Louis,African-American,Y,,,https://www.stlamerican.com/
Star of Zion,"""Newspaper, weekly""","PO Box 26770, Charlotte, NC 28221",North Carolina,Charlotte; regional,African-American,Owned by AME Zion Church,"Addie Lisby, starofzioneditor@gmail.com",Editor,https://www.soznews.org/
Street Hype Newspaper,"""Newspaper, twice monthly""","329 Miller Place, Mount Vernon, NY 10550",New York,Greater New York,"African-American, Caribbean",Y,"Patrick Maitland, 
patrick@streethypenewspaper.com, 
914-663-4973 (o) / 718-753-9469 (c)",Publisher/Owner,http://www.streethypenewspaper.com/
SwagHer Magazine,"Magazine,Online","Baton Rouge, LA",Louisiana,,Black Community,Y,Francheska “Fancy” Felder,Founder,https://swagheronline.com
Tacoma True Citizen,"""Newspaper, weekly""","P.O. Box 22047. Seattle, Washington 98122-0047",Washington,Tacoma,African-American,Y,,,https://seattlemedium.com/
Taunt,Online,"900 E Main St Louisville, KY 40206",Kentucky,Louisville,African-American,Y,"Minda Honey, mindahoney@gmail.com",Founder,www.taunt.me
Telegram Newspaper,"""Newspaper, weekly""","3715 W Jefferson Ave, Ecorse, MI 48229",Michigan,South Detroit suburbs,African-American,Y,"Gina Wilson, telegram@telegramnews.net",Publisher,https://www.telegramnews.net/
Tempo News,"""Newspaper, weekly""","3006 Goodrich Ave, Sarasota, FL 34234",Florida,Sarasota and Manatee counties,African-American/the working class,Y,"Johnny Hunter, temponewsrq@gmail.com",Publisher,https://temponewsflorida.com/
Texas Metro News,"""Newspaper, twice monthly""","320 S RL Thornton Freeway Service Rd, Dallas, TX 75203",Texas,State of Texas,African-American,Y,,,https://texasmetronews.com/
The AC Phoenix,"""Newspaper, monthly""","1959 N N Peace Haven Rd #275, Winston-Salem, NC 27106",North Carolina,Winston-Salem,African-American,Y,,,https://www.theacphoenixnews.com/
The Akron Reporter,"""Newspaper, weekly""","P.O. Box 2042; Akron, Ohio 44309",Ohio,Akron,African-American,Y,,,https://www.thereporternewspaperonline.com/
The Albany Southwest Georgian,"""Newspaper, weekly""","407 South Slappey, Boulevard, Albany, GA 31701",Georgia,Albany,African-American,Y,"Gloria Gaines, (229) 436-2165",Editor,http://www.albanysouthwestgeorgian.com/
The Atlanta Inquirer,"""Newspaper, weekly""","947 Martin Luther King Jr Dr NW Atlanta, Georgia 30314",Georgia,Atlanta,African-American,Y,info@atlinqu.com,General inbox,https://atlinq.com/
The Atlanta Voice,"""Newspaper, weekly""","633 Pryor St SW #2789, Atlanta, GA 30312",Georgia,Atlanta,African-American,Y,"Janis Ware, jlware@theatlantavoice.com",Publisher,https://www.theatlantavoice.com/
The Baltimore Times,"""Newspaper, weekly""","2513 N Charles St, Baltimore, MD 21218",Maryland,Baltimore,African-American,Y,btimes@btimes.com,General inbox,http://baltimoretimes-online.com/
The Black Chronicle,"""Newspaper, weekly""","1528 NE 23rd St A, Oklahoma City, OK 73111",Oklahoma,Oklahoma City,African-American,Y,,,https://blackchronicle.com/
The Black Lens,"""Newspaper, monthly""","1312 N. Monroe Street, #148, Spokane, WA 99201",Washington,Spokane,African-American,Y,"Sandy Williams, sandy@blacklensnews.com, (509) 795-1964","Editor, Publisher",http://blacklensnews.com/
The Black Times,"""Online, daily""","305 NW 5th St, Oklahoma City, OK 73102",Oklahoma,Oklahoma City,African-American,Y,"Tyreke Baker, @tyrekebakerTBT",Founder,https://twitter.com/TheBlackTimesOK
The Black Wall Street Times,"""Online, daily""","2920 S 129th E Ave, Tulsa, OK 74146",Oklahoma,Tulsa,African-American,Y,"Nehemiah Frank, nehemiah@bwstimes.com",Publisher,https://theblackwallsttimes.com/
The Buckeye Review,"""Newspaper, monthly""","2344 Coronado Ave, Youngstown, OH 44504",Ohio,Youngstown,African-American,Y,,,https://buckeyereview.org/
The Carolinian,"""Newspaper, weekly""","1504 New Bern Ave, Raleigh, NC 27610",North Carolina,Raleigh,African-American,Y,,,https://caro.news/
The Champion Newspaper,"""Newspaper, weekly""","114 New St # E, Decatur, GA 30030",Georgia,Decatur,African-American,Y,"Carolyn Glenn, cfjglenn@dekalbchamp.com",Publisher,thechampionnewspaper.com
The Charleston Chronicle,"""Newspaper, weekly""","1111 King St, Charleston, SC 29403",South Carolina,Charleston,African-American,Y,,,https://www.charlestonchronicle.net/
The Charlotte Post,"""Newspaper, weekly""","5118 Princess St. Charlotte, NC 28269",North Carolina,Charlotte,African-American,Y,"Gerald Johnson, publisher@thecharlottepost.com",Publisher,http://www.thecharlottepost.com/
The Chocolate Voice,"""Online, daily""","2100 E Speedway Blvd, Tucson, AZ 85719 (approximate)",Arizona,Nationwide,African-American,Y,,,
The Chundria Show,TV,"PO Box 437334, Chicago, IL 60643",Illinois,Nationwide,General,Y,"Chundria Brownlow, info@thechundriashow.com",Host/Producer,https://www.thechundriashow.com/
The Cincinnati Herald,"""Newspaper, weekly""","3440 Burnet Ave Cincinnati, OH 45229-2843",Ohio,Cincinnati,African-American,Y,,,https://thecincinnatiherald.com/
The Cleveland Observer,"""Newspaper, monthly"",Online","11459 Euclid Ave#302, Cleveland, Ohio 44103",Ohio,Cleveland,African-American,Y,"Ron Calhoun, theclevelandobserver@gmail.com, (216) 236-8081",Publisher,https://www.theclevelandobserver.com/
The Columbus Post,"""Newspaper, weekly""","770 E Main St, Columbus, OH 43205",Ohio,Columbus,African-American,Y,,,http://columbuspost.com/
The Columbus Times,"""Newspaper, weekly""","2230 Buena Vista Rd, Columbus, GA 31906",Georgia,Columbus,African-American,Y,"Petra Ophelia Gertjegerdes, columbustimes706@gmail.com",Publisher,http://www.columbustimes.com/
The Communicator News,"""Newspaper, weekly""","90 W Campus View Blvd Columbus, OH 43235",Ohio,"Columbus, Cincinnati, Dayton, Cleveland",African-American,Y,,,http://communicatornews.homestead.com/
The Community Press,"""Newspaper, monthly""","3510 Veronica Shoemaker Plaza, Suite 3, Fort Myers, FL 33916",Florida,Fort Myers,African-American,Y,"James Middlebrooks, jamesmiddlebrooks08@gmail.com",Publisher,http://thecommunitypressfla.org/index.html
The Community Voice,"""Newspaper, biweekly""","2918 E Douglas Ave, Wichita, KS 67214",Kansas,Wichita,African-American,Y,"Bonita Gooch, press@tcvpub.com",Editor,https://www.thecommunityvoice.com/
The Dallas Weekly,"""Newspaper, weekly""","3101 Martin Luther King Jr Blvd. Dallas, TX 75215",Texas,Dallas,African-American,Y,,,https://www.dallasweekly.com/
The Drinking Gourd,Online,"4410 Paul St Philadelphia, PA 19124 (approximate)",Pennsylvania,Nationwide,Black Muslim,Y,"Vanessa Taylor, inquiries.taylor@gmail.com",Founder,https://medium.com/the-drinking-gourd
The East Tennessee Enlightener,"""Online, daily""","P.O. Box 14315, Knoxville, TN 37914",Tennessee,Knoxville/East TN counties,African-American,Y,,,https://etenlightener.com/
The Fayetteville Press,"""Newspaper, biweekly""","3635 Sycamore Dairy Rd # C, Fayetteville, NC 28303",North Carolina,Fayetteville,African-American,Y,,,http://www.fayettevillepress.com/
The Final Call,"""Newspaper, weekly""","734 W 79th St, Chicago, IL 60620",Illinois,Chicago/Midwest,Black Muslim,Y,"Naba'a B. Muhammad, fcnprod@aol.com",Editor in chief,https://new.finalcall.com/
The Florida Star/The Georgia Star,"""Newspaper, weekly""","P.O. Box 40629. Jacksonville, FL 32203",Florida,Jacksonville/NE Florida/Georgia line,African-American,Y,"Clara McLaughlin, info@thefloridastar.com",Publisher,https://www.thefloridastar.com/
The Florida Sun-Review,"""Newspaper, weekly""","2700 Catalina Dr. Orlando, FL 32805",Florida,"Orlando, central Florida",African-American,Y,"James Madison, sunreview@aol.com",Publisher,http://www.floridasunreview.com/
The Good Works Show,Podcast,"Atlanta, GA",Georgia,Atlanta,General,Nonprofit,goodworks@ging.org,General inbox,https://goodwillng.org/news-room/good-works-radio-show/
The Haitian Times,"""Online, daily""","PO Box 21628 · Brooklyn, NY 11202",New York,NYC,Haitian,Y,,,https://haitiantimes.com/
The Informant,Status unknown,N/A,Virginia,Buckingham County,African-American,Y,,,
The Informed Village,"Online,Podcast","Evanston, IL",Illinois,Evanston,Politics,Y,"Bobby Burns, question@theinformedvillage.com",Founder & Business Manager,https://www.theinformedvillage.com
The Intersection Magazine,"""Medium publication, sporadic""","3116 Hamilton St, Hyattsville, MD 20782 (approximate)",Maryland,Nationwide,African-American,Y,,,
The Jackson Blazer,"""Newspaper, weekly""","P.O. Box 806 Jackson, MI 49202",Michigan,Jackson,African-American,Y,"Alan Wade, jacksonblazer@gmail.com",Publisher,https://thejacksonblazer.com/
The Jerusalem Chronicle,"""Newspaper, monthly""","555 S B B King Blvd, Memphis, TN 38101",Tennessee,Memphis,African-American Jews,Y,,,https://twitter.com/jerusalemchroni
The Lede,,N/A,Nationwide,Nationwide,Media job-seekers,Y,"Kiara Joseph, theledenewsletter@gmail.com",,
The Live Exchange,Radio,N/A,Nationwide,Nationwide,African-American,Y,"Dr. Pamela Antoinette, booking@theliveexchange.com",Host,http://www.theliveexchangeradio.com/
The Madison Times,"""Newspaper, weekly""","313 West Beltline Hwy ste 132, Madison, WI 53713",Wisconsin,Madison,African-American,Y,,,
The Metro Courier,"""Newspaper, weekly""","314 Walton Way, Augusta, GA 30901",Georgia,Augusta,African-American,Y,"Barbara Gordon, (706) 724-6556",Publisher,
The Miami Times,"""Newspaper, weekly""","900 NW 54 Street. Miami, FL 33127",Florida,Miami,African-American,Y,"Penny Dickerson, editorial@miamitimesonline.com",Managing editor,https://www.miamitimesonline.com/
The Milwaukee Community Journal,"""Newspaper, weekly""","3612 N Doctor M.L.K. Jr Dr, Milwaukee, WI 53212",Wisconsin,Milwaukee,African-American,Y,,,https://communityjournal.net/
The Milwaukee Times,"""Newspaper, weekly""","1936 N Doctor M.L.K. Jr Dr, Milwaukee, WI 53212",Wisconsin,Milwaukee,African-American,Y,,,
The Monitor,"""Newspaper, on hiatus""","1501 State St, East St Louis, IL 62205",Illinois,East St. Louis,African-American,Y,,,https://estlmonitor.com/
The Monroe Dispatch,"""Newspaper, weekly""","830 Martin Luther King Junior Drive, Monroe, LA 71203",Louisiana,Monroe,African-American,Y,monroedispatch@yahoo.com,General inbox,https://www.monroedispatchonline.com/
The New Citizens' Press,"""Newspaper, biweekly""","503 Grand River Ave, Lansing, MI 48906",Michigan,Lansing,African-American,Y,"Rina Risper, rinarisper.tncp@gmail.com",Publisher,http://www.tncp.net/
The New Orleans Agenda,Newsletter,N/A,Louisiana,"New Orleans, Gulf Coast Region",General,Y,"Vincent Sylvain, 504-232-3499, Vincent@SylvainSolutions.com",Publisher,https://www.neworleansagenda.com/
The New York Carib News,"""Newspaper, weekly""","1501 Broadway 12th floor. New York, NY 10019",New York,NYC,Caribbean,Y,,,https://www.nycaribnews.com/
The Nubian News,"""Newspaper, weekly""","25 South Westfield Ave Trenton, NJ 08618",New Jersey,Trenton,Black diaspora,Y,"Kamau Kujuchagulia, nubiannews@gmail.com",Publisher,https://thenubiannews.com/
The Numberz,Radio,"Portland, OR",Oregon,Portland,African-American,Y,info@thenumberz.fm,General inbox,https://www.thenumberz.fm/
The Oklahoma Eagle,"""Newspaper, weekly""","624 E Archer St, Tulsa, OK 74120",Oklahoma,Tulsa,African-American,Y,,,http://theoklahomaeagle.net/
The Omaha Star,"""Newspaper, weekly""","2216 N 24th St, Omaha, NE 68110",Nebraska,Omaha,African-American,Y,,,https://theomahastar.com/
The Orlando Times,"""Newspaper, weekly""","4403 Vineland Rd, Orlando, FL 32811",Florida,"Orlando, central Florida",African-American,Y,"Calvin Collins, calvincollinsjr@aol.com",Publisher,https://www.orlando-times.com/index.html
The Philadelphia Observer,"""Newspaper, weekly""","600 Third Ave, New York, New York 10016",Pennsylvania,Philadelphia,African-American,Y,,,http://philadelphiaobserver.com/
The Philadelphia Tribune,"""Newspaper, twice weekly""","520 S 16th St, Philadelphia, PA 19146",Pennsylvania,Philadelphia,African-American,Y,,,https://www.phillytrib.com/
The Plug,"""Online, daily""","3900 Crown Rd SE SW, Atlanta, GA 30304 (approximate)",Georgia,Nationwide,African-American,Y,"Sherrell Dorsey, @sherrell_dorsey",Founder/editor,https://tpinsights.com/articles/
The Prince George's Post,"""Newspaper, weekly""","15207 Marlboro Pike # B, Upper Marlboro, MD 20772",Maryland,Prince George's County,African-American,Y,"Legusta Floyd, pgpost@gmail.com",Editor,http://www.pgpost.com/
The Providence American,"""Newspaper, weekly""","PO Box 5859. Providence, RI 02903",Rhode Island,Providence,African-American,Y,,,http://theprovamnews.com/
The Real Deal,"""Newspaper, monthly""","2400 Orange Ave, Cleveland, OH 44101",Ohio,Cleveland,African-American,Y,,,http://rtandrews.blogspot.com/
The Real Deal Press,Online,"Cleveland, OH",Ohio,Northeast Ohio,African-American,Y,Richard T Andrews,Editor & Publisher,https://therealdealpress.com/
The Roanoke Tribune,"""Newspaper, weekly""","2318 Melrose Ave NW, Roanoke, VA 24017",Virginia,Roanoke,African-American,Y,,,https://theroanoketribune.org/
The San Antonio Observer,"""Newspaper, weekly""","PO Box 200226, San Antonio, Texas 78220",Texas,San Antonio,African-American,Y,,,https://saobserver.com/
The San Bernardino American News,"""Newspaper, weekly""","PO Box 837, Victorville CA 93293",California,San Bernardino/Inland Empire,African-American,Y,"Mary Martin-Harris, Mary@SB-American.com",Editor,https://sb-american.com/
The Skanner,"""Newspaper, weekly""","415 N Killingsworth St, Portland, OR 97217",Washington,Seattle,African-American,Y,,,https://www.theskanner.com/
The Skanner,"""Newspaper, weekly""","415 N Killingsworth St, Portland, OR 97217",Oregon,Portland,African-American,Y,,,https://www.theskanner.com/news/northwest
The Tennessee Tribune,"""Newspaper, weekly""","1501 Jefferson St, Nashville, TN 37208",Tennessee,Nashville,African-American,Y,,,https://www.tntribune.com/
The Triangle Tribune,"""Newspaper, weekly""","115 Market Street Ste 360-G, Durham, NC 27701",North Carolina,Durham,African-American,Y,"Gerald Johnson, publisher@thecharlottepost.com",Publisher,http://www.triangletribune.com/
The TRiiBE,"""Online, daily""","906 S. Homan Ave., Chicago IL 60624",Illinois,Chicago,African-American,Y,"Tiffany Walden, tiffany@thetriibe.com",Co-founder,https://thetriibe.com/
The Urban News,"""Newspaper, monthly"",Online","PO Box 2038, Asheville, NC 28802",North Carolina,Asheville,Multicultural,Y,"therovingreporter@theurbannews.com, 828-253-5585",,https://theurbannews.com/
The Urban Voice,"""Magazine, monthly""","PO Box 270065, Las Vegas, NV 89127",Nevada,Las Vegas,African-American,Y,"Joseph Abraham, joseph@unrelentingvoice.com",Owner,https://theurbanvoice.com/
The Villager,"""Newspaper, weekly""","4132 E 12th St, Austin, TX 78721",Texas,Austin,African-American,Y,,,http://www.theaustinvillager.com/
The VOICE,Status unknown,"205 E Clay St, Richmond, VA 23219",Virginia,Richmond,African-American,Y,,,http://www.voicenewspaper.com/
The Washington Informer,"""Newspaper, weekly""","3117 Martin Luther King Jr Ave SE, Washington, DC 20032","Washington, D.C.",DC,African-American,Y,,,https://www.washingtoninformer.com/
The Washington Sun,"""Newspaper, weekly""","830 Kennedy St NW # B2, Washington, DC 20011","Washington, D.C.",DC,African-American,Y,,,https://twitter.com/thewashsun
The Weekly Challenger,"""Newspaper, weekly""","P.O. Box 35130 | St. Petersburg, FL 33705",Florida,St. Petersburg,African-American,Y,"Lyn Johnson, advertising@theweeklychallenger.com",Editor,http://theweeklychallenger.com/
Toledo Journal,"""Newspaper, weekly""","2145 E, Scott Park Drive, Toledo, OH 43606",Ohio,Toledo,African-American,Y,,,https://thetoledojournal.com/
Trapital,Newsletter,N/A,Nationwide,Nationwide,General,Y,"info@trapital.co, (415) 234-3074",General inbox,trapital.co
Tri-State Defender,"""Newspaper, weekly""","203 Beale St #200, Memphis, TN 38103",Tennessee,Memphis,African-American,Y,,,https://tri-statedefender.com/
UNPOPCULTR,"Online,Podcast",NYC,Nationwide,Nationwide,BIPOC,Y,info@unpopcultr.co,General inbox,https://www.unpopcultr.co/
Urban One (WAMJ/WHTA/WPZE/WUMJ-HD2),Radio,"101 Marietta St 12th Fl Atlanta, GA 30303",Georgia,Atlanta,African-American,Y,,,
Urban One (WKYS/WMMJ/WOL/WYCB/WPRS),Radio,"8515 Georgia Ave # 9, Silver Spring, MD 20910",Maryland,Silver Spring,African-American,Y,,,
Urban One (WQOK/WFXC/WFXK/WNNL),Radio,"8001 Creedmoor Rd. Suite 101 Raleigh, NC 27613",North Carolina,Raleigh,African-American,Y,,,
UrbanGeekz,"""Online, video""","Atlanta, GA",Nationwide,Nationwide,Multicultural,Y,info@urbangeekz.com,General inbox,https://urbangeekz.com/
Village Free Press,Newspaper,,Illinois,Proviso Township,Regional,Y,"Michael Romain, michael@oakpark.com",Publisher,https://www.vfpress.news/
Vinegar Hill Magazine,"""Magazine, quarterly"",Podcast","Charlottesville, VA",Virginia,Charlottesville,African-American,Y,"info@vinegarhillmagazine.com, (434) 466-5718",General inbox,https://www.vinegarhillmagazine.com/
W227BF,Radio,"1600 Utica Ave. South, Ste. 400, St. Louis Park, MN 55416",Minnesota,Minneapolis-St. Paul,African-American,"N, iheartradio affiliate",,,
W254AZ,Radio,"801 Woodridge Center Dr Charlotte, NC 28217",North Carolina,Belmont,African-American,"N, iheartradio affiliate",,,
W279AQ,Radio,"1001 Highlands Plaza Drive West, Suite 200, St. Louis, MO 63110",Missouri,St. Louis,African-American,"N, iheartradio affiliate",,,
WATV,Radio,"3025 Ensley Avenue, Birmingham, AL 35208",Alabama,Birmingham,African-American,Y,"Courtney French, 205-780-2014",Owner,https://myv949.com/
WBCP,Radio,"904 N. Fourth Street, Suite D Champaign, IL 61820",Illinois,Champaign,African-American,Y,,,
WBIN,Radio,"1819 Peachtree Road Ste 700, Atlanta,GA 30309",Georgia,Atlanta,African-American,"N, iheartradio affiliate",,,
WCCG,Radio,"115 Gillespie Street, Fayetteville, NC 28301",North Carolina,Fayetteville,African-American,Y,,,https://wccg1045fm.com/
WDFN,Radio,"27675 Halsted Farmington Hills, MI 48331",Michigan,Detroit,African-American,"N, iheartradio affiliate",,,
Weekly Press,"""Newspaper, weekly""","1283 Rosenwald Rd, Baton Rouge, LA 70807",Louisiana,Baton Rouge,African-American,Y,"Ivory Payne, ivory@brweekpress.com",Publisher,https://www.brweeklypress.com/
Westchester County Press,"""Newspaper, weekly""","P.O. Box 152. White Plains, New York 10602-4108",New York,Westchester County,African-American,Y,,,https://www.westchestercountypress.com/
Westside Gazette,"""Newspaper, weekly""","545 N.W. 7th Terrace, Fort Lauderdale, FL 33311",Florida,Fort Lauderdale,African-American,Y,"Carma Henry, wgazette@thewestsidegazette.com",Editor,https://thewestsidegazette.com/
Westside Story Newspaper,"""Newspaper, weekly""","577 N D St #112h, San Bernardino, CA 92401",California,San Bernardino ,African-American,Y,"WJ Allen, mail@westsidestorynewspaper.com",Publisher,https://www.westsidestorynewspaper.com/
WEUP,Radio,"2609 Jordan Lane NW, Huntsville, AL 35816",Alabama,Huntsville,African-American,Y,"Hundley Batts, hundley@103weup.com",Co-owner,http://pro-weup-am-flex.franklymedia.com/index.php
WFLM,Radio,"6803 South Federal Hwy, White City, FL",Florida,Vero Beach,African-American,Y,,,http://www.1045theflame.com/wflm/
WGNL/WGNG,Radio,"PO BOX 1801. Greenwood, MS 38930",Mississippi,Greenwood,African-American,Y,,,https://www.104wgnl.com/
WGVL,Radio,"101 N Main St Suite 1000. Greenville, SC",South Carolina,Greenville,African-American,"N, iheartradio affiliate",,,
What's Up Kansas City,"""Online, daily""","1805 Vine St, Kansas City, MO 64108",Missouri,Kansas City,African-American,Y,,,https://whatsupkansascity.net/
Whetstone Magazine,"Magazine,Podcast",N/A,Nationwide,Nationwide,General,Y,hello@whetstonemagazine.com,General inbox,https://www.whetstonemagazine.com/
WHPR,TV,"160 Victor St Highland Park, MI",Michigan,Detroit,African-American,Y,,,https://www.fm881whpr.com/
WHTY,Radio,"1501 13th Ave. Columbus, GA 31901",Georgia,Columbus,African-American,"N, iheartradio affiliate",,,
WHUR,Radio,"529 Bryant Street NW Washington, DC 20059","Washington, D.C.","Washington, D.C",African-American,Y but owned by Howard U,,,http://whur.com/
WHUT-TV,TV,"2222 4th Street, N. Washington, DC","Washington, D.C.","Washington, D.C",African-American,Y but owned by Howard U,,,https://www.whut.org/
Wilmington Journal,"""Newspaper, weekly""","416 S 7th St, Wilmington, NC 28401",North Carolina,Wilmington,African-American,Y,wilmjourn@aol.com,General inbox,wilmingtonjournal.com
Windy City Word,"""Newspaper, weekly""","5090 W Harrison St, Chicago, IL 60644",Illinois,Chicago,African-American,Y,info@windycityword.com,General inbox,http://windycityword.com/
Winston-Salem Chronicle,"""Newspaper, weekly""","1300 East Fifth Street Winston-Salem, NC 27101",North Carolina,Winston-Salem,African-American,Y,"James Taylor Jr.,  jtaylorjr@wschronicle.com",Publisher,https://wschronicle.com/
WJZD,Radio,"10211 Southpark Drive, Gulfport MS 39503",Mississippi,Gulfport,African-American,Y,,,https://www.wjzd.com/
WKNY/Radio Kingston,Radio,"718 Broadway, Kingston NY 12401",New York,Ulster County,Multicultural,Nonprofit,,,https://radiokingston.org/
WKWQ,Radio,"69 Robert Smalls Pkwy #2T, Beaufort, SC 29902",South Carolina,Lowcountry,African-American/Gullah,Y,WKWQ@gullahradio.net,General inbox,https://www.gullahradio.net/
WMBM,Radio,"13242 NW 7th Avenue, Miami, FL 33168",Florida,Miami,African-American,Y,,,https://wmbm.com/
WMGE,Radio,"7080 Industrial Highway, Macon, GA 31216",Georgia,Macon,African-American,"N, iheartradio affiliate",,,
WMMS-HD2,Radio,"6200 Oak Tree Blvd., 4th Floor Independence, OH",Ohio,Cleveland,African-American,"N, iheartradio affiliate",,,
WNOH,Radio,"1003 Norfolk Sq, Norfolk, VA 23502",Virginia,Hampton Roads region,African-American,"N, iheartradio affiliate",,,
WNOV,Radio,2003 W. Capitol Drive Milwaukee WI 53206,Wisconsin,Milwaukee,African-American,Y,,,
WODT,Radio,"929 Howard Ave. New Orleans, LA 70113",Louisiana,New Orleans,African-American,"N, iheartradio affiliate",,,
WOVU 95.9 FM,Radio,"7201 Kinsman Road, Cleveland, OH 44104",Ohio,Northeast Ohio,African-American,Nonprofit,"Jae Williams, jwilliams@bbcdevelopment.org, (216) 342-2963",General Manager,https://wovu.org/
WPUL,Radio,"P.O. Box 48857, Tampa, FL 33646",Florida,Daytona Beach,African-American and Latino,Y,"Julia T. Cherry, sales@daytonatimes.com",Senior managing member,
WRBJ,Radio,"745 North State Street Jackson, MS 39202",Mississippi,Jackson,African-American,Y,,,http://www.thebeatofthecapital.com/
WTAL,Radio,"1363 E Tennessee St, Tallahassee, FL 32308",Florida,Tallahassee,African-American,Y,"RB Holmes, wtal1450@capitaloutlook.com",President,http://wtal1450.com/
WURD,Radio,"1341 N Delaware Ave # 300, Philadelphia, PA 19125",Pennsylvania,Philadelphia,African-American,y,,,https://wurdradio.com/
WVON,Radio,"800 South Wells, Suite #130 and #170, Chicago, IL 60607",Illinois,Chicago,African-American,Y,,,
WYNF,Radio,"2743 Perimeter Parkway #100 STE300, Augusta, GA 30909",Georgia,Augusta,African-American,"N, iheartradio affiliate",,,
WZZA,Radio,"1570 Woodmont Drive, Tuscumbia, AL, 35674",Alabama,Tuscumbia,African-American,Y,"Leonard Skipworth, sales@wzzaradio.com",Sales manager,http://wzzaradio.com/
Zethiopia,"""Online, daily"",""Newspaper, monthly""","P.O. Box 2049, Fairfax, Virginia 22031","Washington, D.C.","Washington, D.C.",Ethiopian,Y,"Dereje Desta, dereje@zethiopia.com",Editor,zethiopia.com